{
    "name": "root",
    "gauges": {
        "School_Only1F_Hard.Policy.Entropy.mean": {
            "value": 0.7382956743240356,
            "min": 0.2956494092941284,
            "max": 2.1645851135253906,
            "count": 70
        },
        "School_Only1F_Hard.Policy.Entropy.sum": {
            "value": 7515.85009765625,
            "min": 3089.536376953125,
            "max": 22230.2890625,
            "count": 70
        },
        "School_Only1F_Hard.Environment.EpisodeLength.mean": {
            "value": 63.16923076923077,
            "min": 26.983193277310924,
            "max": 105.0,
            "count": 70
        },
        "School_Only1F_Hard.Environment.EpisodeLength.sum": {
            "value": 8212.0,
            "min": 7609.0,
            "max": 11866.0,
            "count": 70
        },
        "School_Only1F_Hard.Step.mean": {
            "value": 699995.0,
            "min": 9989.0,
            "max": 699995.0,
            "count": 70
        },
        "School_Only1F_Hard.Step.sum": {
            "value": 699995.0,
            "min": 9989.0,
            "max": 699995.0,
            "count": 70
        },
        "School_Only1F_Hard.Policy.ExtrinsicValueEstimate.mean": {
            "value": -0.08250514417886734,
            "min": -0.4826411008834839,
            "max": 2.0613527297973633,
            "count": 70
        },
        "School_Only1F_Hard.Policy.ExtrinsicValueEstimate.sum": {
            "value": -19.141193389892578,
            "min": -157.69467163085938,
            "max": 533.890380859375,
            "count": 70
        },
        "School_Only1F_Hard.Policy.CuriosityValueEstimate.mean": {
            "value": 0.08241774886846542,
            "min": 0.07534573972225189,
            "max": 5.147855758666992,
            "count": 70
        },
        "School_Only1F_Hard.Policy.CuriosityValueEstimate.sum": {
            "value": 19.12091827392578,
            "min": 16.877445220947266,
            "max": 1333.294677734375,
            "count": 70
        },
        "School_Only1F_Hard.Environment.CumulativeReward.mean": {
            "value": -0.13033796631723873,
            "min": -0.6943763090482191,
            "max": 0.155525390187334,
            "count": 70
        },
        "School_Only1F_Hard.Environment.CumulativeReward.sum": {
            "value": -16.813597654923797,
            "min": -174.51759327182663,
            "max": 25.165203546202974,
            "count": 70
        },
        "School_Only1F_Hard.Policy.ExtrinsicReward.mean": {
            "value": -0.13033796631723873,
            "min": -0.6943763090482191,
            "max": 0.155525390187334,
            "count": 70
        },
        "School_Only1F_Hard.Policy.ExtrinsicReward.sum": {
            "value": -16.813597654923797,
            "min": -174.51759327182663,
            "max": 25.165203546202974,
            "count": 70
        },
        "School_Only1F_Hard.Policy.CuriosityReward.mean": {
            "value": 0.011070156895218041,
            "min": 0.008263362486258748,
            "max": 0.3260313523100954,
            "count": 70
        },
        "School_Only1F_Hard.Policy.CuriosityReward.sum": {
            "value": 1.4280502394831274,
            "min": 0.9750767733785324,
            "max": 59.33770612043736,
            "count": 70
        },
        "School_Only1F_Hard.Losses.PolicyLoss.mean": {
            "value": 0.13416682529587073,
            "min": 0.1298579078239914,
            "max": 0.14751602510503012,
            "count": 70
        },
        "School_Only1F_Hard.Losses.PolicyLoss.sum": {
            "value": 0.6708341264793537,
            "min": 0.5355199048100845,
            "max": 0.7266373187133398,
            "count": 70
        },
        "School_Only1F_Hard.Losses.ValueLoss.mean": {
            "value": 0.027855531393499684,
            "min": 0.01704756758963343,
            "max": 0.4872066150480607,
            "count": 70
        },
        "School_Only1F_Hard.Losses.ValueLoss.sum": {
            "value": 0.13927765696749841,
            "min": 0.08523783794816714,
            "max": 1.9488264601922427,
            "count": 70
        },
        "School_Only1F_Hard.Policy.LearningRate.mean": {
            "value": 8.610884189117201e-05,
            "min": 8.610884189117201e-05,
            "max": 9.989554510445503e-05,
            "count": 70
        },
        "School_Only1F_Hard.Policy.LearningRate.sum": {
            "value": 0.00043054420945586004,
            "min": 0.0003460067539933,
            "max": 0.00049854102145898,
            "count": 70
        },
        "School_Only1F_Hard.Policy.Epsilon.mean": {
            "value": 0.18610882800000003,
            "min": 0.18610882800000003,
            "max": 0.199895545,
            "count": 70
        },
        "School_Only1F_Hard.Policy.Epsilon.sum": {
            "value": 0.9305441400000002,
            "min": 0.7460067000000001,
            "max": 0.99854102,
            "count": 70
        },
        "School_Only1F_Hard.Policy.Beta.mean": {
            "value": 0.0008624773972,
            "min": 0.0008624773972,
            "max": 0.0009989658955000002,
            "count": 70
        },
        "School_Only1F_Hard.Policy.Beta.sum": {
            "value": 0.004312386986,
            "min": 0.0034654663299999995,
            "max": 0.004985556097999999,
            "count": 70
        },
        "School_Only1F_Hard.Losses.CuriosityForwardLoss.mean": {
            "value": 0.016775571068301826,
            "min": 0.009988256484251178,
            "max": 9.27417485697168,
            "count": 70
        },
        "School_Only1F_Hard.Losses.CuriosityForwardLoss.sum": {
            "value": 0.08387785534150913,
            "min": 0.049941282421255895,
            "max": 37.09669942788672,
            "count": 70
        },
        "School_Only1F_Hard.Losses.CuriosityInverseLoss.mean": {
            "value": 0.5876007650374697,
            "min": 0.23409857599033365,
            "max": 2.2349319547844617,
            "count": 70
        },
        "School_Only1F_Hard.Losses.CuriosityInverseLoss.sum": {
            "value": 2.938003825187349,
            "min": 1.1704928799516683,
            "max": 10.827735348523428,
            "count": 70
        },
        "School_Only1F_Hard.IsTraining.mean": {
            "value": 1.0,
            "min": 1.0,
            "max": 1.0,
            "count": 70
        },
        "School_Only1F_Hard.IsTraining.sum": {
            "value": 1.0,
            "min": 1.0,
            "max": 1.0,
            "count": 70
        }
    },
    "metadata": {
        "timer_format_version": "0.1.0",
        "start_time_seconds": "1631970113",
        "python_version": "3.7.9 (default, Aug 31 2020, 17:10:11) [MSC v.1916 64 bit (AMD64)]",
        "command_line_arguments": "C:\\Users\\yuta04\\anaconda3\\envs\\ML-Agents2\\Scripts\\mlagents-learn .\\config\\AgentManager.yaml --run-id=School_Only1F_Harde_1 --env=C:\\Users\\yuta04\\ML-Agents\\EL_School\\Apps\\School_Only1F_Hard",
        "mlagents_version": "0.26.0",
        "mlagents_envs_version": "0.26.0",
        "communication_protocol_version": "1.5.0",
        "pytorch_version": "1.7.1+cu110",
        "numpy_version": "1.20.3",
        "end_time_seconds": "1631974527"
    },
    "total": 4413.9759711,
    "count": 1,
    "self": 0.06156139999984589,
    "children": {
        "run_training.setup": {
            "total": 0.14510290000000037,
            "count": 1,
            "self": 0.14510290000000037
        },
        "TrainerController.start_learning": {
            "total": 4413.7693068,
            "count": 1,
            "self": 5.386671699963699,
            "children": {
                "TrainerController._reset_env": {
                    "total": 14.404542,
                    "count": 1,
                    "self": 14.404542
                },
                "TrainerController.advance": {
                    "total": 4392.953747200037,