{
    "name": "root",
    "gauges": {
        "School_OnlyExit.Policy.Entropy.mean": {
            "value": 0.912935197353363,
            "min": 0.8784865736961365,
            "max": 2.1440489292144775,
            "count": 80
        },
        "School_OnlyExit.Policy.Entropy.sum": {
            "value": 9156.740234375,
            "min": 8764.712890625,
            "max": 22684.037109375,
            "count": 80
        },
        "School_OnlyExit.Step.mean": {
            "value": 799952.0,
            "min": 9943.0,
            "max": 799952.0,
            "count": 80
        },
        "School_OnlyExit.Step.sum": {
            "value": 799952.0,
            "min": 9943.0,
            "max": 799952.0,
            "count": 80
        },
        "School_OnlyExit.Policy.ExtrinsicValueEstimate.mean": {
            "value": 0.7913075685501099,
            "min": -0.016239073127508163,
            "max": 2.1806392669677734,
            "count": 80
        },
        "School_OnlyExit.Policy.ExtrinsicValueEstimate.sum": {
            "value": 213.65304565429688,
            "min": -2.5982518196105957,
            "max": 355.4441833496094,
            "count": 80
        },
        "School_OnlyExit.Environment.EpisodeLength.mean": {
            "value": 42.19555555555556,
            "min": 41.68888888888889,
            "max": 972.3,
            "count": 80
        },
        "School_OnlyExit.Environment.EpisodeLength.sum": {
            "value": 9494.0,
            "min": 6567.0,
            "max": 12209.0,
            "count": 80
        },
        "School_OnlyExit.Environment.CumulativeReward.mean": {
            "value": 0.974716971854962,
            "min": -1.0063600424677133,
            "max": 0.974716971854962,
            "count": 80
        },
        "School_OnlyExit.Environment.CumulativeReward.sum": {
            "value": 218.3366016955115,
            "min": -12.578800273593515,
            "max": 218.3366016955115,
            "count": 80
        },
        "School_OnlyExit.Policy.ExtrinsicReward.mean": {
            "value": 0.974716971854962,
            "min": -1.0063600424677133,
            "max": 0.974716971854962,
            "count": 80
        },
        "School_OnlyExit.Policy.ExtrinsicReward.sum": {
            "value": 218.3366016955115,
            "min": -12.578800273593515,
            "max": 218.3366016955115,
            "count": 80
        },
        "School_OnlyExit.Losses.PolicyLoss.mean": {
            "value": 0.13486633320753943,
            "min": 0.12662259669709958,
            "max": 0.14584818399851524,
            "count": 80
        },
        "School_OnlyExit.Losses.PolicyLoss.sum": {
            "value": 0.6743316660376971,
            "min": 0.5064903867883983,
            "max": 0.7232933482925336,
            "count": 80
        },
        "School_OnlyExit.Losses.ValueLoss.mean": {
            "value": 0.0017186434394536778,
            "min": 0.0009435149238626577,
            "max": 0.14775008547441254,
            "count": 80
        },
        "School_OnlyExit.Losses.ValueLoss.sum": {
            "value": 0.00859321719726839,
            "min": 0.004717574619313289,
            "max": 0.5910003418976502,
            "count": 80
        },
        "School_OnlyExit.Policy.LearningRate.mean": {
            "value": 7.141242859749982e-07,
            "min": 7.141242859749982e-07,
            "max": 9.928584446415624e-05,
            "count": 80
        },
        "School_OnlyExit.Policy.LearningRate.sum": {
            "value": 3.570621429874991e-06,
            "min": 3.570621429874991e-06,
            "max": 0.0004904785095215,
            "count": 80
        },
        "School_OnlyExit.Policy.Epsilon.mean": {
            "value": 0.100714025,
            "min": 0.100714025,
            "max": 0.19928584374999997,
            "count": 80
        },
        "School_OnlyExit.Policy.Epsilon.sum": {
            "value": 0.503570125,
            "min": 0.407521,
            "max": 0.9904784999999999,
            "count": 80
        },
        "School_OnlyExit.Policy.Beta.mean": {
            "value": 1.706884749999998e-05,
            "min": 1.706884749999998e-05,
            "max": 0.000992929853125,
            "count": 80
        },
        "School_OnlyExit.Policy.Beta.sum": {
            "value": 8.53442374999999e-05,
            "min": 8.53442374999999e-05,
            "max": 0.0049057371500000006,
            "count": 80
        },
        "School_OnlyExit.IsTraining.mean": {
            "value": 1.0,
            "min": 1.0,
            "max": 1.0,
            "count": 80
        },
        "School_OnlyExit.IsTraining.sum": {
            "value": 1.0,
            "min": 1.0,
            "max": 1.0,
            "count": 80
        }
    },
    "metadata": {
        "timer_format_version": "0.1.0",
        "start_time_seconds": "1631786313",
        "python_version": "3.7.9 (default, Aug 31 2020, 17:10:11) [MSC v.1916 64 bit (AMD64)]",
        "command_line_arguments": "C:\\Users\\yuta04\\anaconda3\\envs\\ML-Agents2\\Scripts\\mlagents-learn .\\config\\AgentManager.yaml --run-id=School_OnlyExit_1",
        "mlagents_version": "0.26.0",
        "mlagents_envs_version": "0.26.0",
        "communication_protocol_version": "1.5.0",
        "pytorch_version": "1.7.1+cu110",
        "numpy_version": "1.20.3",
        "end_time_seconds": "1631789233"
    },
    "total": 2920.0343238,
    "count": 1,
    "self": 0.0182001000002856,
    "children": {
        "run_training.setup": {
            "total": 0.1320439999999996,
            "count": 1,
            "self": 0.1320439999999996
        },
        "TrainerController.start_learning": {
            "total": 2919.8840797,
            "count": 1,
            "self": 4.294686700017792,
            "children": {
                "TrainerController._reset_env": {
                    "total": 14.923337,
                    "count": 1,
                    "self": 14.923337
                },
                "TrainerController.advance": {
                    "total": 2900.417710499982,
                    "count": 89311,
                    "self": 2.2109538999852703,
                    "children": {
                        "env_step": {
                            "total": 2898.206756599997,
                            "count": 89311,
                            "self": 2185.015442000018,
                            "children": {
                                "SubprocessEnvManager._take_step": {
                                    "total": 711.0497699999951,
                                    "count": 89311,
                                    "self": 9.846052299925532,
                                    "children": {
                                        "TorchPolicy.evaluate": {
                                            "total": 701.2037177000695,
                                            "count": 80032,
                                            "self": 190.65824020004732,
                                            "children": {
                                                "TorchPolicy.sample_actions": {
                                                    "total": 510.54547750002223,
                                                    "count": 80032,
                                                    "self": 510.54547750002223
                                                }
                                            }
                                        }
                                    }
                                },
                                "workers": {
                                    "total": 2.1415445999834652,
                                    "count": 89311,
                                    "self": 0.0,
                                    "children": {
                                        "worker_root": {
                                            "total": 2910.0513435000444,