{
    "name": "root",
    "gauges": {
        "School_Only1F_Easy.Policy.Entropy.mean": {
            "value": 1.1308525800704956,
            "min": 1.0464296340942383,
            "max": 2.170515775680542,
            "count": 110
        },
        "School_Only1F_Easy.Policy.Entropy.sum": {
            "value": 11308.5263671875,
            "min": 10334.064453125,
            "max": 22421.427734375,
            "count": 110
        },
        "School_Only1F_Easy.Environment.EpisodeLength.mean": {
            "value": 41.30379746835443,
            "min": 37.142857142857146,
            "max": 603.2666666666667,
            "count": 110
        },
        "School_Only1F_Easy.Environment.EpisodeLength.sum": {
            "value": 9789.0,
            "min": 7716.0,
            "max": 11699.0,
            "count": 110
        },
        "School_Only1F_Easy.Step.mean": {
            "value": 1099964.0,
            "min": 9956.0,
            "max": 1099964.0,
            "count": 110
        },
        "School_Only1F_Easy.Step.sum": {
            "value": 1099964.0,
            "min": 9956.0,
            "max": 1099964.0,
            "count": 110
        },
        "School_Only1F_Easy.Policy.ExtrinsicValueEstimate.mean": {
            "value": 0.7995160222053528,
            "min": 0.12229026854038239,
            "max": 5.736022472381592,
            "count": 110
        },
        "School_Only1F_Easy.Policy.ExtrinsicValueEstimate.sum": {
            "value": 215.06980895996094,
            "min": 22.50140953063965,
            "max": 1095.580322265625,
            "count": 110
        },
        "School_Only1F_Easy.Policy.CuriosityValueEstimate.mean": {
            "value": 2.020761013031006,
            "min": -4.159158706665039,
            "max": 2.020761013031006,
            "count": 110
        },
        "School_Only1F_Easy.Policy.CuriosityValueEstimate.sum": {
            "value": 543.584716796875,
            "min": -794.3992919921875,
            "max": 543.584716796875,
            "count": 110
        },
        "School_Only1F_Easy.Environment.CumulativeReward.mean": {
            "value": 0.8417296701883384,
            "min": -0.8095435728915991,
            "max": 0.9100058185848643,
            "count": 110
        },
        "School_Only1F_Easy.Environment.CumulativeReward.sum": {
            "value": 198.64820216444787,
            "min": -36.36559918662533,
            "max": 237.08760272996733,
            "count": 110
        },
        "School_Only1F_Easy.Policy.ExtrinsicReward.mean": {
            "value": 0.8417296701883384,
            "min": -0.8095435728915991,
            "max": 0.9100058185848643,
            "count": 110
        },
        "School_Only1F_Easy.Policy.ExtrinsicReward.sum": {
            "value": 198.64820216444787,
            "min": -36.36559918662533,
            "max": 237.08760272996733,
            "count": 110
        },
        "School_Only1F_Easy.Policy.CuriosityReward.mean": {
            "value": 0.023201139581634396,
            "min": 0.020315197204557243,
            "max": 1.1819229501415975,
            "count": 110
        },
        "School_Only1F_Easy.Policy.CuriosityReward.sum": {
            "value": 5.475468941265717,
            "min": 5.214936214732006,
            "max": 57.74831959139556,
            "count": 110
        },
        "School_Only1F_Easy.Losses.PolicyLoss.mean": {
            "value": 0.13778244993112124,
            "min": 0.1282760484135659,
            "max": 0.14657352996653525,
            "count": 110
        },
        "School_Only1F_Easy.Losses.PolicyLoss.sum": {
            "value": 0.6889122496556062,
            "min": 0.5262179630224962,
            "max": 0.7287821913489517,
            "count": 110
        },
        "School_Only1F_Easy.Losses.ValueLoss.mean": {
            "value": 0.028922640643722842,
            "min": 0.005445271329179564,
            "max": 1.065684139850633,
            "count": 110
        },
        "School_Only1F_Easy.Losses.ValueLoss.sum": {
            "value": 0.1446132032186142,
            "min": 0.021781085316718254,
            "max": 4.262736559402532,
            "count": 110
        },
        "School_Only1F_Easy.Policy.LearningRate.mean": {
            "value": 4.525008474997e-05,
            "min": 4.525008474997e-05,
            "max": 9.97402002598e-05,
            "count": 110
        },
        "School_Only1F_Easy.Policy.LearningRate.sum": {
            "value": 0.00022625042374984999,
            "min": 0.00018698981301040003,
            "max": 0.0004963627036373,
            "count": 110
        },
        "School_Only1F_Easy.Policy.Epsilon.mean": {
            "value": 0.14525003000000003,
            "min": 0.14525003000000003,
            "max": 0.1997402,
            "count": 110
        },
        "School_Only1F_Easy.Policy.Epsilon.sum": {
            "value": 0.7262501500000001,
            "min": 0.5869896000000001,
            "max": 0.9963626999999999,
            "count": 110
        },
        "School_Only1F_Easy.Policy.Beta.mean": {
            "value": 0.0004579752969999999,
            "min": 0.0004579752969999999,
            "max": 0.00099742798,
            "count": 110
        },
        "School_Only1F_Easy.Policy.Beta.sum": {
            "value": 0.0022898764849999995,
            "min": 0.00189119704,
            "max": 0.004963990730000001,
            "count": 110
        },
        "School_Only1F_Easy.Losses.CuriosityForwardLoss.mean": {
            "value": 0.05322726225874458,
            "min": 0.05092425981261887,
            "max": 10.905575602330888,
            "count": 110
        },
        "School_Only1F_Easy.Losses.CuriosityForwardLoss.sum": {
            "value": 0.2661363112937229,
            "min": 0.2068530760880094,
            "max": 43.62230240932355,
            "count": 110
        },
        "School_Only1F_Easy.Losses.CuriosityInverseLoss.mean": {
            "value": 0.7717796283320356,
            "min": 0.6858843884270829,
            "max": 2.201609152593674,
            "count": 110
        },
        "School_Only1F_Easy.Losses.CuriosityInverseLoss.sum": {
            "value": 3.858898141660178,
            "min": 2.9618674009321975,
            "max": 10.81677797091481,
            "count": 110
        },
        "School_Only1F_Easy.IsTraining.mean": {
            "value": 1.0,
            "min": 1.0,
            "max": 1.0,
            "count": 110
        },
        "School_Only1F_Easy.IsTraining.sum": {
            "value": 1.0,
            "min": 1.0,
            "max": 1.0,
            "count": 110
        }
    },
    "metadata": {
        "timer_format_version": "0.1.0",
        "start_time_seconds": "1632033106",
        "python_version": "3.7.9 (default, Aug 31 2020, 17:10:11) [MSC v.1916 64 bit (AMD64)]",
        "command_line_arguments": "C:\\Users\\yuta04\\anaconda3\\envs\\ML-Agents2\\Scripts\\mlagents-learn .\\config\\AgentManager.yaml --run-id=School_Only1F_Easy_1 --env=C:\\Users\\yuta04\\ML-Agents\\EL_School\\Apps\\School_Only1F_Easy --width=480 --height=360",
        "mlagents_version": "0.26.0",
        "mlagents_envs_version": "0.26.0",
        "communication_protocol_version": "1.5.0",
        "pytorch_version": "1.7.1+cu110",
        "numpy_version": "1.20.3",
        "end_time_seconds": "1632040253"
    },
    "total": 7147.8024581,
    "count": 1,
    "self": 0.5660533000000214,
    "children": {
        "run_training.setup": {
            "total": 0.12253820000000015,
            "count": 1,
            "self": 0.12253820000000015
        },
        "TrainerController.start_learning": {
            "total": 7147.1138666,
            "count": 1,
            "self": 7.3873065999141545,
            "children": {
                "TrainerController._reset_env": {
                    "total": 6.643056700000001,
                    "count": 1,
                    "self": 6.643056700000001
                },